"","Location","TMAX","TMIN","TAVG","AWND","AWDR","PRCP","SNOW","Date"
"2","Los Angeles",222,150,"182","28","","0","0","2017-11-07"
"3","Los Angeles",233,139,"183","41","","0","0","2017-11-08"
"4","Los Angeles",211,156,"181","44","","0","0","2017-11-09"
"5","Los Angeles",206,139,"177","30","","0","0","2017-11-10"
"6","Los Angeles",211,128,"166","26","","0","0","2017-11-11"
"7","Los Angeles",200,133,"165","24","","0","0","2017-11-12"
"8","Los Angeles",211,122,"165","21","","0","0","2017-11-13"
"9","Los Angeles",233,122,"171","25","","0","0","2017-11-14"
"10","Los Angeles",244,139,"185","23","","0","0","2017-11-15"
"11","Los Angeles",244,144,"193","26","","0","0","2017-11-16"
"12","Los Angeles",211,156,"194","41","","0","0","2017-11-17"
"13","Los Angeles",244,128,"177","26","","0","0","2017-11-18"
"14","Los Angeles",244,133,"181","29","","0","0","2017-11-19"
"15","Los Angeles",222,111,"164","21","","0","0","2017-11-20"
"16","Los Angeles",261,144,"196","23","","0","0","2017-11-21"
"17","Los Angeles",344,167,"231","17","","0","0","2017-11-22"
"18","Los Angeles",328,178,"250","28","","0","0","2017-11-23"
"19","Los Angeles",278,144,"204","20","","0","0","2017-11-24"
"20","Los Angeles",278,150,"203","22","","0","0","2017-11-25"
"21","Los Angeles",183,150,"159","31","","0","0","2017-11-26"
"22","Los Angeles",194,133,"166","41","","3","0","2017-11-27"
"23","Los Angeles",250,100,"162","26","","0","0","2017-11-28"
"24","Los Angeles",233,122,"165","21","","0","0","2017-11-29"
"25","Los Angeles",222,111,"159","23","","0","0","2017-11-30"
"26","Los Angeles",206,117,"158","","","0","","2017-12-01"
"28","New York City",94,44,"","29","","178","0","2017-11-07"
"29","New York City",94,39,"","24","","0","0","2017-11-08"
"30","New York City",128,39,"","15","","0","0","2017-11-09"
"31","New York City",106,-38,"","42","","3","0","2017-11-10"
"32","New York City",33,-43,"","21","","0","0","2017-11-11"
"33","New York City",78,0,"","8","","0","0","2017-11-12"
"34","New York City",83,39,"","16","","18","0","2017-11-13"
"35","New York City",89,17,"","22","","0","0","2017-11-14"
"36","New York City",106,28,"","23","","0","0","2017-11-15"
"37","New York City",139,61,"","29","","51","0","2017-11-16"
"38","New York City",83,28,"","35","","0","0","2017-11-17"
"39","New York City",133,11,"","15","","25","0","2017-11-18"
"40","New York City",150,33,"","43","","58","0","2017-11-19"
"41","New York City",83,22,"","30","","0","0","2017-11-20"
"42","New York City",144,56,"","23","","0","0","2017-11-21"
"43","New York City",133,17,"","30","","53","0","2017-11-22"
"44","New York City",61,-5,"","21","","0","0","2017-11-23"
"45","New York City",100,17,"","17","","0","0","2017-11-24"
"46","New York City",139,61,"","18","","0","0","2017-11-25"
"47","New York City",106,44,"","30","","0","0","2017-11-26"
"48","New York City",106,39,"","29","","0","0","2017-11-27"
"49","New York City",122,22,"","20","","0","0","2017-11-28"
"50","New York City",172,56,"","24","","0","0","2017-11-29"
"51","New York City",117,33,"","20","","8","0","2017-11-30"
"52","New York City",111,56,"","","","0","0","2017-12-01"
"54","Yuma",267,183,"","20","","18","0","2017-11-07"
"55","Yuma",272,156,"","18","","0","0","2017-11-08"
"56","Yuma",283,150,"","9","","0","0","2017-11-09"
"57","Yuma",289,128,"","8","","0","0","2017-11-10"
"58","Yuma",294,144,"","11","","0","0","2017-11-11"
"59","Yuma",300,156,"","23","","0","0","2017-11-12"
"60","Yuma",306,161,"","17","","0","0","2017-11-13"
"61","Yuma",317,161,"","19","","0","0","2017-11-14"
"62","Yuma",283,161,"","27","","0","0","2017-11-15"
"63","Yuma",311,150,"","13","","0","0","2017-11-16"
"64","Yuma",294,172,"","23","","0","0","2017-11-17"
"65","Yuma",250,167,"","55","","0","0","2017-11-18"
"66","Yuma",244,139,"","42","","0","0","2017-11-19"
"67","Yuma",256,111,"","27","","0","0","2017-11-20"
"68","Yuma",289,156,"","30","","0","0","2017-11-21"
"69","Yuma",322,161,"","31","","0","0","2017-11-22"
"70","Yuma",328,156,"","17","","0","0","2017-11-23"
"71","Yuma",322,144,"","12","","0","0","2017-11-24"
"72","Yuma",317,144,"","13","","0","0","2017-11-25"
"73","Yuma",322,144,"","20","","0","0","2017-11-26"
"74","Yuma",233,122,"","16","","0","0","2017-11-27"
"75","Yuma",233,144,"","34","","0","0","2017-11-28"
"76","Yuma",217,150,"","19","","0","0","2017-11-29"
"77","Yuma",228,144,"","10","","0","0","2017-11-30"
"78","Yuma",278,128,"","","","0","","2017-12-01"
"80","Tucson",267,156,"207","33","","23","0","2017-11-07"
"81","Tucson",261,128,"191","19","","0","0","2017-11-08"
"82","Tucson",294,128,"201","20","","0","0","2017-11-09"
"83","Tucson",300,128,"203","28","","0","0","2017-11-10"
"84","Tucson",294,133,"207","27","","0","0","2017-11-11"
"85","Tucson",317,128,"200","26","","0","0","2017-11-12"
"86","Tucson",311,144,"210","24","","0","0","2017-11-13"
"87","Tucson",317,133,"212","28","","0","0","2017-11-14"
"88","Tucson",311,122,"201","26","","0","0","2017-11-15"
"89","Tucson",317,117,"204","30","","0","0","2017-11-16"
"90","Tucson",294,100,"199","32","","0","0","2017-11-17"
"91","Tucson",256,111,"190","23","","0","0","2017-11-18"
"92","Tucson",261,89,"173","33","","0","0","2017-11-19"
"93","Tucson",267,94,"187","28","","0","0","2017-11-20"
"94","Tucson",256,89,"163","23","","0","0","2017-11-21"
"95","Tucson",300,100,"193","42","","0","0","2017-11-22"
"96","Tucson",317,117,"206","24","","0","0","2017-11-23"
"97","Tucson",311,111,"197","34","","0","0","2017-11-24"
"98","Tucson",311,117,"195","27","","0","0","2017-11-25"
"99","Tucson",333,117,"202","31","","0","0","2017-11-26"
"100","Tucson",333,128,"210","38","","0","0","2017-11-27"
"101","Tucson",250,100,"190","16","","0","0","2017-11-28"
"102","Tucson",267,106,"179","25","","0","0","2017-11-29"
"103","Tucson",244,144,"191","20","","0","0","2017-11-30"
"104","Tucson",244,167,"199","","","0","0","2017-12-01"
"106","El Paso",267,122,"194","26","","0","0","2017-11-07"
"107","El Paso",194,89,"166","29","","71","0","2017-11-08"
"108","El Paso",206,67,"119","13","","0","0","2017-11-09"
"109","El Paso",239,78,"151","15","","0","0","2017-11-10"
"110","El Paso",272,117,"183","30","","0","0","2017-11-11"
"111","El Paso",261,100,"181","30","","0","0","2017-11-12"
"112","El Paso",244,94,"157","15","","0","0","2017-11-13"
"113","El Paso",283,83,"177","23","","0","0","2017-11-14"
"114","El Paso",250,89,"195","27","","0","0","2017-11-15"
"115","El Paso",272,78,"171","22","","0","0","2017-11-16"
"116","El Paso",278,89,"195","50","","0","0","2017-11-17"
"117","El Paso",217,72,"201","51","","0","0","2017-11-18"
"118","El Paso",172,44,"104","24","","0","0","2017-11-19"
"119","El Paso",200,39,"108","31","","0","0","2017-11-20"
"120","El Paso",233,61,"152","21","","0","0","2017-11-21"
"121","El Paso",200,72,"144","17","","0","0","2017-11-22"
"122","El Paso",228,50,"129","21","","0","0","2017-11-23"
"123","El Paso",256,44,"145","23","","0","0","2017-11-24"
"124","El Paso",256,72,"162","22","","0","0","2017-11-25"
"125","El Paso",244,61,"154","14","","0","0","2017-11-26"
"126","El Paso",261,61,"147","24","","0","0","2017-11-27"
"127","El Paso",250,100,"187","51","","0","0","2017-11-28"
"128","El Paso",172,44,"114","22","","0","0","2017-11-29"
"129","El Paso",211,67,"125","27","","0","0","2017-11-30"
"130","El Paso",194,83,"147","","","0","","2017-12-01"
"132","Sanderson",294,150,"","41","","0","0","2017-11-07"
"133","Sanderson",150,67,"","45","","8","","2017-11-08"
"134","Sanderson",161,72,"","15","","0","0","2017-11-09"
"135","Sanderson",144,72,"","33","","0","0","2017-11-10"
"136","Sanderson",228,122,"","27","","0","0","2017-11-11"
"137","Sanderson",217,150,"","40","","0","0","2017-11-12"
"138","Sanderson",233,150,"","38","","0","0","2017-11-13"
"139","Sanderson",278,167,"","28","","0","0","2017-11-14"
"140","Sanderson",267,128,"","32","","0","0","2017-11-15"
"141","Sanderson",250,106,"","24","","0","0","2017-11-16"
"142","Sanderson",283,106,"","26","","0","0","2017-11-17"
"143","Sanderson",283,94,"","53","","0","0","2017-11-18"
"144","Sanderson",161,39,"","32","","0","0","2017-11-19"
"145","Sanderson",211,22,"","30","","0","0","2017-11-20"
"146","Sanderson",294,44,"","50","","0","0","2017-11-21"
"147","Sanderson",189,44,"","24","","0","0","2017-11-22"
"148","Sanderson",256,39,"","23","","0","0","2017-11-23"
"149","Sanderson",289,50,"","32","","0","0","2017-11-24"
"150","Sanderson",272,100,"","54","","0","0","2017-11-25"
"151","Sanderson",244,89,"","26","","0","0","2017-11-26"
"152","Sanderson",256,72,"","23","","0","0","2017-11-27"
"153","Sanderson",222,106,"","32","","0","0","2017-11-28"
"154","Sanderson",200,50,"","28","","0","0","2017-11-29"
"155","Sanderson",267,61,"","35","","0","0","2017-11-30"
"157","San Antonio",317,178,"","32","","0","","2017-11-07"
"158","San Antonio",183,94,"","53","","20","","2017-11-08"
"159","San Antonio",172,94,"","34","","0","","2017-11-09"
"160","San Antonio",183,111,"","28","","0","","2017-11-10"
"161","San Antonio",256,156,"","25","","13","","2017-11-11"
"162","San Antonio",222,194,"","15","","25","","2017-11-12"
"163","San Antonio",272,194,"","22","","3","","2017-11-13"
"164","San Antonio",272,183,"","30","","0","","2017-11-14"
"165","San Antonio",289,172,"","19","","0","","2017-11-15"
"166","San Antonio",306,206,"","24","","0","","2017-11-16"
"167","San Antonio",311,194,"","39","","0","","2017-11-17"
"168","San Antonio",322,150,"","47","","0","","2017-11-18"
"169","San Antonio",200,83,"","26","","0","","2017-11-19"
"170","San Antonio",222,56,"","13","","0","0","2017-11-20"
"171","San Antonio",256,89,"","24","","0","0","2017-11-21"
"172","San Antonio",211,72,"","43","","0","0","2017-11-22"
"173","San Antonio",228,17,"","6","","0","","2017-11-23"
"174","San Antonio",256,39,"","18","","0","","2017-11-24"
"175","San Antonio",294,61,"","17","","0","0","2017-11-25"
"176","San Antonio",278,139,"","18","","0","","2017-11-26"
"177","San Antonio",272,100,"","24","","0","0","2017-11-27"
"178","San Antonio",289,89,"","21","","0","0","2017-11-28"
"179","San Antonio",239,106,"","19","","0","","2017-11-29"
"180","San Antonio",267,89,"","7","","0","","2017-11-30"
"181","San Antonio",267,144,"","","","0","","2017-12-01"
"183","Beaumont",294,206,"242","26","","0","0","2017-11-07"
"184","Beaumont",228,133,"190","51","","3","0","2017-11-08"
"185","Beaumont",189,106,"142","50","","15","0","2017-11-09"
"186","Beaumont",211,83,"142","32","","0","0","2017-11-10"
"187","Beaumont",228,117,"160","25","","0","0","2017-11-11"
"188","Beaumont",267,161,"188","22","","0","0","2017-11-12"
"189","Beaumont",261,156,"196","34","","0","0","2017-11-13"
"190","Beaumont",239,133,"186","28","","0","0","2017-11-14"
"191","Beaumont",261,128,"182","21","","0","0","2017-11-15"
"192","Beaumont",256,139,"186","23","","0","0","2017-11-16"
"193","Beaumont",272,172,"216","42","","0","0","2017-11-17"
"194","Beaumont",289,139,"238","64","","0","0","2017-11-18"
"195","Beaumont",183,67,"149","49","","0","0","2017-11-19"
"196","Beaumont",161,50,"107","25","","0","0","2017-11-20"
"197","Beaumont",200,111,"144","40","","239","0","2017-11-21"
"198","Beaumont",200,78,"155","54","","0","0","2017-11-22"
"199","Beaumont",178,39,"108","27","","0","0","2017-11-23"
"200","Beaumont",206,33,"103","14","","0","0","2017-11-24"
"201","Beaumont",261,83,"148","16","","0","0","2017-11-25"
"202","Beaumont",239,100,"161","26","","0","0","2017-11-26"
"203","Beaumont",217,67,"142","27","","0","0","2017-11-27"
"204","Beaumont",233,83,"147","36","","0","0","2017-11-28"
"205","Beaumont",272,139,"202","19","","0","","2017-11-29"
"206","Beaumont",244,111,"171","30","","0","0","2017-11-30"
"207","Beaumont",239,83,"149","","","0","","2017-12-01"
"209","Houma",283,189,"229","15","","0","0","2017-11-07"
"210","Houma",228,167,"219","31","","0","0","2017-11-08"
"211","Houma",167,139,"158","41","","13","0","2017-11-09"
"212","Houma",200,94,"153","34","","0","0","2017-11-10"
"213","Houma",222,122,"172","36","","0","0","2017-11-11"
"214","Houma",239,167,"198","47","","0","0","2017-11-12"
"215","Houma",233,156,"189","41","","0","0","2017-11-13"
"216","Houma",217,133,"179","23","","0","0","2017-11-14"
"217","Houma",239,133,"178","27","","0","0","2017-11-15"
"218","Houma",250,128,"186","13","","0","0","2017-11-16"
"219","Houma",256,133,"193","27","","0","0","2017-11-17"
"220","Houma",283,172,"224","49","","0","0","2017-11-18"
"221","Houma",178,106,"165","61","","0","0","2017-11-19"
"222","Houma",167,94,"","30","","0","0","2017-11-20"
"223","Houma",228,100,"154","26","","0","0","2017-11-21"
"224","Houma",200,111,"172","46","","0","0","2017-11-22"
"225","Houma",172,78,"126","38","","0","0","2017-11-23"
"226","Houma",189,28,"121","11","","0","0","2017-11-24"
"227","Houma",217,33,"123","7","","0","0","2017-11-25"
"228","Houma",211,83,"145","24","","0","0","2017-11-26"
"229","Houma",200,50,"147","19","","0","0","2017-11-27"
"230","Houma",239,72,"146","31","","0","0","2017-11-28"
"231","Houma",256,167,"199","25","","0","0","2017-11-29"
"232","Houma",256,167,"211","21","","3","0","2017-11-30"
"233","Houma",228,128,"179","","","0","","2017-12-01"
"235","Pensacola",278,194,"","21","","0","0","2017-11-07"
"236","Pensacola",278,178,"","33","","0","0","2017-11-08"
"237","Pensacola",189,122,"","54","","13","0","2017-11-09"
"238","Pensacola",222,94,"","34","","0","0","2017-11-10"
"239","Pensacola",222,117,"","31","","0","0","2017-11-11"
"240","Pensacola",183,156,"","35","","0","0","2017-11-12"
"241","Pensacola",239,128,"","39","","0","0","2017-11-13"
"242","Pensacola",228,106,"","27","","0","0","2017-11-14"
"243","Pensacola",189,83,"","22","","0","0","2017-11-15"
"244","Pensacola",244,94,"","17","","0","0","2017-11-16"
"245","Pensacola",228,133,"","21","","0","0","2017-11-17"
"246","Pensacola",272,167,"","53","","5","0","2017-11-18"
"247","Pensacola",172,78,"","67","","5","","2017-11-19"
"248","Pensacola",150,56,"","23","","0","0","2017-11-20"
"249","Pensacola",217,78,"","28","","0","0","2017-11-21"
"250","Pensacola",206,111,"","51","","0","0","2017-11-22"
"251","Pensacola",206,67,"","49","","0","0","2017-11-23"
"252","Pensacola",206,72,"","20","","0","0","2017-11-24"
"253","Pensacola",211,72,"","19","","0","0","2017-11-25"
"254","Pensacola",222,78,"","34","","0","0","2017-11-26"
"255","Pensacola",206,83,"","24","","0","0","2017-11-27"
"256","Pensacola",222,72,"","24","","0","0","2017-11-28"
"257","Pensacola",239,128,"","24","","0","0","2017-11-29"
"258","Pensacola",244,150,"","18","","0","0","2017-11-30"
"259","Pensacola",244,156,"","","","0","0","2017-12-01"
"261","Valdosta",289,122,"","7","","0","0","2017-11-07"
"262","Valdosta",278,144,"","5","","0","0","2017-11-08"
"263","Valdosta",228,122,"","21","","3","0","2017-11-09"
"264","Valdosta",211,78,"","30","","0","0","2017-11-10"
"265","Valdosta",150,67,"","37","","0","0","2017-11-11"
"266","Valdosta",228,111,"","35","","0","0","2017-11-12"
"267","Valdosta",233,122,"","38","","0","0","2017-11-13"
"268","Valdosta",206,83,"","34","","0","0","2017-11-14"
"269","Valdosta",183,61,"","26","","0","0","2017-11-15"
"270","Valdosta",217,28,"","11","","0","0","2017-11-16"
"271","Valdosta",217,39,"","9","","0","0","2017-11-17"
"272","Valdosta",250,61,"","19","","0","0","2017-11-18"
"273","Valdosta",189,22,"","17","","15","0","2017-11-19"
"274","Valdosta",206,-5,"","20","","0","0","2017-11-20"
"275","Valdosta",189,111,"","10","","114","0","2017-11-21"
"276","Valdosta",222,150,"","16","","0","0","2017-11-22"
"277","Valdosta",167,117,"","32","","102","0","2017-11-23"
"278","Valdosta",194,50,"","23","","0","0","2017-11-24"
"279","Valdosta",217,28,"","5","","0","0","2017-11-25"
"280","Valdosta",217,50,"","7","","0","0","2017-11-26"
"281","Valdosta",206,11,"","8","","0","0","2017-11-27"
"282","Valdosta",256,61,"","19","","0","0","2017-11-28"
"283","Valdosta",261,111,"","14","","0","0","2017-11-29"
"284","Valdosta",256,78,"","5","","0","0","2017-11-30"
"285","Valdosta",256,139,"","10","","0","0","2017-12-01"
"287","Miami",300,222,"260","22","","0","0","2017-11-07"
"288","Miami",300,222,"261","26","","0","0","2017-11-08"
"289","Miami",306,239,"267","30","","0","0","2017-11-09"
"290","Miami",306,233,"268","34","","71","0","2017-11-10"
"291","Miami",289,239,"262","50","","23","0","2017-11-11"
"292","Miami",306,233,"271","56","","330","0","2017-11-12"
"293","Miami",294,233,"262","42","","173","0","2017-11-13"
"294","Miami",300,233,"265","43","","0","0","2017-11-14"
"295","Miami",283,222,"241","31","","130","0","2017-11-15"
"296","Miami",272,206,"239","33","","0","0","2017-11-16"
"297","Miami",283,200,"232","35","","0","0","2017-11-17"
"298","Miami",283,189,"239","20","","0","0","2017-11-18"
"299","Miami",283,183,"239","17","","0","0","2017-11-19"
"300","Miami",267,211,"231","37","","38","0","2017-11-20"
"301","Miami",294,217,"248","19","","157","0","2017-11-21"
"302","Miami",294,211,"252","18","","0","0","2017-11-22"
"303","Miami",289,222,"252","29","","81","0","2017-11-23"
"304","Miami",278,211,"244","29","","0","0","2017-11-24"
"305","Miami",261,183,"223","17","","0","0","2017-11-25"
"306","Miami",278,183,"231","25","","0","0","2017-11-26"
"307","Miami",267,200,"228","31","","0","0","2017-11-27"
"308","Miami",289,217,"253","47","","102","0","2017-11-28"
"309","Miami",289,217,"254","42","","0","0","2017-11-29"
"310","Miami",283,228,"256","33","","0","0","2017-11-30"
"311","Miami",289,211,"244","32","","0","","2017-12-01"
"313","Columbia",283,161,"","13","","5","","2017-11-07"
"314","Columbia",206,94,"","19","","5","","2017-11-08"
"315","Columbia",111,89,"","7","","163","","2017-11-09"
"316","Columbia",194,72,"","9","","0","","2017-11-10"
"317","Columbia",122,28,"","22","","0","","2017-11-11"
"318","Columbia",133,50,"","14","","0","","2017-11-12"
"319","Columbia",178,83,"","12","","79","","2017-11-13"
"320","Columbia",150,61,"","17","","0","","2017-11-14"
"321","Columbia",144,28,"","8","","0","","2017-11-15"
"322","Columbia",206,33,"","5","","0","","2017-11-16"
"323","Columbia",183,33,"","7","","0","","2017-11-17"
"324","Columbia",228,39,"","25","","0","","2017-11-18"
"325","Columbia",194,67,"","35","","0","","2017-11-19"
"326","Columbia",167,0,"","4","","0","","2017-11-20"
"327","Columbia",183,28,"","4","","43","","2017-11-21"
"328","Columbia",200,106,"","10","","15","","2017-11-22"
"329","Columbia",122,28,"","12","","0","","2017-11-23"
"330","Columbia",178,6,"","5","","0","","2017-11-24"
"331","Columbia",189,11,"","14","","0","","2017-11-25"
"332","Columbia",189,39,"","7","","0","","2017-11-26"
"333","Columbia",183,6,"","3","","0","","2017-11-27"
"334","Columbia",183,-5,"","2","","0","","2017-11-28"
"335","Columbia",233,72,"","8","","0","","2017-11-29"
"336","Columbia",233,67,"","4","","3","","2017-11-30"
"337","Columbia",206,111,"","4","","3","","2017-12-01"
"339","Atlanta",267,161,"","21","","0","0","2017-11-07"
"340","Atlanta",189,111,"","22","","23","0","2017-11-08"
"341","Atlanta",128,89,"","19","","94","0","2017-11-09"
"342","Atlanta",178,44,"","14","","0","0","2017-11-10"
"343","Atlanta",128,39,"","38","","0","","2017-11-11"
"344","Atlanta",94,72,"","22","","8","","2017-11-12"
"345","Atlanta",183,67,"","17","","0","0","2017-11-13"
"346","Atlanta",161,33,"","8","","0","0","2017-11-14"
"347","Atlanta",144,11,"","8","","0","0","2017-11-15"
"348","Atlanta",200,50,"","17","","0","0","2017-11-16"
"349","Atlanta",189,6,"","13","","0","0","2017-11-17"
"350","Atlanta",206,39,"","30","","74","0","2017-11-18"
"351","Atlanta",139,28,"","50","","0","","2017-11-19"
"352","Atlanta",156,-5,"","11","","0","0","2017-11-20"
"353","Atlanta",194,22,"","13","","0","","2017-11-21"
"354","Atlanta",167,61,"","22","","0","0","2017-11-22"
"355","Atlanta",167,11,"","10","","0","0","2017-11-23"
"356","Atlanta",178,6,"","2","","0","0","2017-11-24"
"357","Atlanta",189,17,"","11","","0","0","2017-11-25"
"358","Atlanta",172,39,"","26","","0","0","2017-11-26"
"359","Atlanta",178,-16,"","6","","0","0","2017-11-27"
"360","Atlanta",189,-5,"","11","","0","0","2017-11-28"
"361","Atlanta",189,44,"","5","","0","0","2017-11-29"
"362","Atlanta",206,100,"","9","","8","0","2017-11-30"
"363","Atlanta",183,83,"","4","","0","","2017-12-01"
"365","Tuscaloosa",250,167,"","19","","8","0","2017-11-07"
"366","Tuscaloosa",167,106,"","30","","18","0","2017-11-08"
"367","Tuscaloosa",178,67,"","24","","51","0","2017-11-09"
"368","Tuscaloosa",189,39,"","30","","0","0","2017-11-10"
"369","Tuscaloosa",211,122,"","16","","0","0","2017-11-12"
"370","Tuscaloosa",200,61,"","22","","0","0","2017-11-13"
"371","Tuscaloosa",200,33,"","7","","0","0","2017-11-14"
"372","Tuscaloosa",178,56,"","15","","0","0","2017-11-15"
"373","Tuscaloosa",194,72,"","7","","0","0","2017-11-16"
"374","Tuscaloosa",217,44,"","19","","0","0","2017-11-17"
"375","Tuscaloosa",244,106,"","58","","48","0","2017-11-18"
"376","Tuscaloosa",139,11,"","34","","0","0","2017-11-19"
"377","Tuscaloosa",144,-21,"","5","","0","0","2017-11-20"
"378","Tuscaloosa",189,-5,"","5","","0","0","2017-11-21"
"379","Tuscaloosa",167,33,"","32","","0","0","2017-11-22"
"380","Tuscaloosa",167,-21,"","12","","0","0","2017-11-23"
"381","Tuscaloosa",189,-10,"","6","","0","0","2017-11-24"
"382","Tuscaloosa",194,28,"","6","","0","0","2017-11-25"
"383","Tuscaloosa",194,22,"","22","","0","0","2017-11-26"
"384","Tuscaloosa",206,0,"","6","","0","0","2017-11-27"
"385","Tuscaloosa",211,-5,"","12","","0","0","2017-11-28"
"386","Tuscaloosa",228,39,"","8","","0","0","2017-11-29"
"387","Tuscaloosa",200,106,"","9","","41","0","2017-11-30"
"389","Little Rock",133,94,"","35","","0","","2017-11-07"
"390","Little Rock",111,67,"","37","","0","","2017-11-08"
"391","Little Rock",178,33,"","18","","0","0","2017-11-09"
"392","Little Rock",144,28,"","35","","0","0","2017-11-10"
"393","Little Rock",172,6,"","25","","0","0","2017-11-11"
"394","Little Rock",222,106,"","15","","0","0","2017-11-12"
"395","Little Rock",167,50,"","32","","0","0","2017-11-13"
"396","Little Rock",167,44,"","21","","0","0","2017-11-14"
"397","Little Rock",161,100,"","14","","81","0","2017-11-15"
"398","Little Rock",161,67,"","25","","0","0","2017-11-16"
"399","Little Rock",228,106,"","51","","0","0","2017-11-17"
"400","Little Rock",256,56,"","84","","3","","2017-11-18"
"401","Little Rock",144,11,"","30","","0","0","2017-11-19"
"402","Little Rock",150,-16,"","26","","0","0","2017-11-20"
"403","Little Rock",167,17,"","19","","0","0","2017-11-21"
"404","Little Rock",106,-10,"","31","","0","0","2017-11-22"
"405","Little Rock",150,-16,"","10","","0","0","2017-11-23"
"406","Little Rock",206,11,"","31","","0","0","2017-11-24"
"407","Little Rock",222,50,"","23","","0","0","2017-11-25"
"408","Little Rock",194,17,"","11","","0","0","2017-11-26"
"409","Little Rock",217,11,"","26","","0","0","2017-11-27"
"410","Little Rock",211,56,"","33","","0","0","2017-11-28"
"411","Little Rock",222,44,"","19","","0","0","2017-11-29"
"412","Little Rock",206,72,"","36","","0","0","2017-11-30"
"413","Little Rock",156,39,"","","","0","","2017-12-01"
"415","Oklahoma City",83,44,"","58","","0","0","2017-11-07"
"416","Oklahoma City",100,6,"","33","","8","0","2017-11-08"
"417","Oklahoma City",156,-10,"","12","","0","0","2017-11-09"
"418","Oklahoma City",167,33,"","43","","0","0","2017-11-10"
"419","Oklahoma City",156,106,"","63","","0","0","2017-11-11"
"420","Oklahoma City",150,94,"","46","","0","0","2017-11-12"
"421","Oklahoma City",167,89,"","38","","0","0","2017-11-13"
"422","Oklahoma City",222,139,"","62","","3","0","2017-11-14"
"423","Oklahoma City",194,61,"","51","","0","0","2017-11-15"
"424","Oklahoma City",167,33,"","46","","0","0","2017-11-16"
"425","Oklahoma City",278,150,"","89","","0","0","2017-11-17"
"426","Oklahoma City",211,50,"","75","","0","0","2017-11-18"
"427","Oklahoma City",156,-21,"","31","","0","0","2017-11-19"
"428","Oklahoma City",178,50,"","85","","0","0","2017-11-20"
"429","Oklahoma City",167,22,"","62","","0","0","2017-11-21"
"430","Oklahoma City",100,-27,"","29","","0","0","2017-11-22"
"431","Oklahoma City",211,17,"","41","","0","0","2017-11-23"
"432","Oklahoma City",267,89,"","58","","0","0","2017-11-24"
"433","Oklahoma City",189,33,"","38","","0","0","2017-11-25"
"434","Oklahoma City",200,0,"","33","","0","0","2017-11-26"
"435","Oklahoma City",244,94,"","89","","0","0","2017-11-27"
"436","Oklahoma City",206,100,"","70","","18","0","2017-11-28"
"437","Oklahoma City",139,67,"","38","","0","0","2017-11-29"
"438","Oklahoma City",161,28,"","31","","0","0","2017-11-30"
"440","Amarillo",94,17,"56","53","","0","0","2017-11-07"
"441","Amarillo",89,-16,"27","33","","0","0","2017-11-08"
"442","Amarillo",172,-32,"48","47","","0","0","2017-11-09"
"443","Amarillo",167,33,"81","94","","0","0","2017-11-10"
"444","Amarillo",250,72,"137","69","","0","0","2017-11-11"
"445","Amarillo",89,61,"82","54","","0","0","2017-11-12"
"446","Amarillo",183,72,"102","64","","0","0","2017-11-13"
"447","Amarillo",283,56,"139","58","","0","0","2017-11-14"
"448","Amarillo",161,61,"131","62","","0","0","2017-11-15"
"449","Amarillo",228,33,"104","65","","0","0","2017-11-16"
"450","Amarillo",289,122,"188","85","","0","0","2017-11-17"
"451","Amarillo",200,-16,"135","85","","0","0","2017-11-18"
"452","Amarillo",156,-38,"39","64","","0","0","2017-11-19"
"453","Amarillo",200,-5,"76","45","","0","0","2017-11-20"
"454","Amarillo",189,0,"102","68","","0","0","2017-11-21"
"455","Amarillo",161,-32,"50","39","","0","0","2017-11-22"
"456","Amarillo",239,72,"123","39","","0","0","2017-11-23"
"457","Amarillo",256,61,"140","38","","0","0","2017-11-24"
"458","Amarillo",178,39,"121","43","","0","0","2017-11-25"
"459","Amarillo",211,11,"98","49","","0","0","2017-11-26"
"460","Amarillo",289,22,"128","71","","0","0","2017-11-27"
"461","Amarillo",133,22,"115","87","","0","0","2017-11-28"
"462","Amarillo",161,-21,"58","45","","0","0","2017-11-29"
"463","Amarillo",144,22,"80","45","","0","0","2017-11-30"
"464","Amarillo",233,33,"103","","","0","","2017-12-01"
"466","Albuquerque",172,89,"147","35","","0","0","2017-11-07"
"467","Albuquerque",150,33,"99","37","","0","0","2017-11-08"
"468","Albuquerque",167,17,"83","18","","0","0","2017-11-09"
"469","Albuquerque",200,33,"108","22","","0","0","2017-11-10"
"470","Albuquerque",217,78,"134","30","","0","0","2017-11-11"
"471","Albuquerque",183,50,"123","29","","0","0","2017-11-12"
"472","Albuquerque",217,78,"137","17","","0","0","2017-11-13"
"473","Albuquerque",217,56,"129","19","","0","0","2017-11-14"
"474","Albuquerque",189,50,"127","34","","0","0","2017-11-15"
"475","Albuquerque",217,22,"112","18","","0","0","2017-11-16"
"476","Albuquerque",228,78,"150","54","","0","0","2017-11-17"
"477","Albuquerque",117,11,"92","43","","0","0","2017-11-18"
"478","Albuquerque",117,-16,"41","17","","0","0","2017-11-19"
"479","Albuquerque",144,-27,"48","14","","0","0","2017-11-20"
"480","Albuquerque",183,61,"107","47","","0","0","2017-11-21"
"481","Albuquerque",167,11,"96","14","","0","0","2017-11-22"
"482","Albuquerque",194,39,"104","13","","0","0","2017-11-23"
"483","Albuquerque",206,17,"106","17","","0","0","2017-11-24"
"484","Albuquerque",200,61,"118","19","","0","0","2017-11-25"
"485","Albuquerque",200,39,"112","15","","0","0","2017-11-26"
"486","Albuquerque",200,33,"105","22","","0","0","2017-11-27"
"487","Albuquerque",150,56,"122","54","","0","0","2017-11-28"
"488","Albuquerque",133,6,"66","19","","0","0","2017-11-29"
"489","Albuquerque",133,56,"95","26","","0","0","2017-11-30"
"490","Albuquerque",144,50,"95","","","0","","2017-12-01"
"492","Flagstaff",117,6,"","34","","0","0","2017-11-07"
"493","Flagstaff",156,-49,"","13","","0","0","2017-11-08"
"494","Flagstaff",161,-21,"","27","","0","0","2017-11-09"
"495","Flagstaff",156,-32,"","31","","0","0","2017-11-10"
"496","Flagstaff",167,-21,"","23","","0","0","2017-11-11"
"497","Flagstaff",167,-43,"","12","","0","0","2017-11-12"
"498","Flagstaff",183,-10,"","17","","0","0","2017-11-13"
"499","Flagstaff",178,-32,"","23","","0","0","2017-11-14"
"500","Flagstaff",156,-43,"","26","","0","0","2017-11-15"
"501","Flagstaff",156,-16,"","33","","0","0","2017-11-16"
"502","Flagstaff",94,-5,"","46","","3","0","2017-11-17"
"503","Flagstaff",78,-93,"","41","","0","0","2017-11-18"
"504","Flagstaff",128,-121,"","11","","0","0","2017-11-19"
"505","Flagstaff",156,-71,"","17","","0","0","2017-11-20"
"506","Flagstaff",167,-38,"","28","","0","0","2017-11-21"
"507","Flagstaff",178,-5,"","28","","0","0","2017-11-22"
"508","Flagstaff",217,-43,"","8","","0","0","2017-11-23"
"509","Flagstaff",206,-21,"","24","","0","0","2017-11-24"
"510","Flagstaff",228,-32,"","7","","0","0","2017-11-25"
"511","Flagstaff",206,-27,"","15","","0","0","2017-11-26"
"512","Flagstaff",156,-10,"","61","","0","0","2017-11-27"
"513","Flagstaff",111,-60,"","23","","0","0","2017-11-28"
"514","Flagstaff",122,-27,"","19","","0","0","2017-11-29"
"515","Flagstaff",150,22,"","14","","0","0","2017-11-30"
"516","Flagstaff",150,-11,"","","","0","0","2017-12-01"
"518","Las Vegas",217,106,"","22","","0","0","2017-11-07"
"519","Las Vegas",200,72,"","21","","0","0","2017-11-08"
"520","Las Vegas",261,94,"","27","","0","0","2017-11-09"
"521","Las Vegas",256,89,"","30","","0","0","2017-11-10"
"522","Las Vegas",233,111,"","28","","0","0","2017-11-11"
"523","Las Vegas",194,100,"","18","","0","0","2017-11-12"
"524","Las Vegas",211,83,"","17","","0","0","2017-11-13"
"525","Las Vegas",222,94,"","19","","0","0","2017-11-14"
"526","Las Vegas",200,89,"","14","","0","0","2017-11-15"
"527","Las Vegas",267,106,"","45","","0","0","2017-11-16"
"528","Las Vegas",244,117,"","80","","0","0","2017-11-17"
"529","Las Vegas",161,72,"","33","","0","0","2017-11-18"
"530","Las Vegas",172,39,"","22","","0","0","2017-11-19"
"531","Las Vegas",178,50,"","13","","0","0","2017-11-20"
"532","Las Vegas",222,83,"","15","","0","0","2017-11-21"
"533","Las Vegas",261,111,"","14","","0","0","2017-11-22"
"534","Las Vegas",261,106,"","14","","0","0","2017-11-23"
"535","Las Vegas",250,106,"","12","","0","0","2017-11-24"
"536","Las Vegas",250,100,"","14","","0","0","2017-11-25"
"537","Las Vegas",244,106,"","13","","0","0","2017-11-26"
"538","Las Vegas",222,117,"","72","","0","0","2017-11-27"
"539","Las Vegas",172,94,"","40","","0","0","2017-11-28"
"540","Las Vegas",200,89,"","24","","0","0","2017-11-29"
"541","Las Vegas",194,67,"","21","","0","0","2017-11-30"
"543","Fresno",200,50,"117","10","","0","0","2017-11-07"
"544","Fresno",233,78,"138","26","","0","0","2017-11-08"
"545","Fresno",222,111,"176","33","","0","0","2017-11-09"
"546","Fresno",228,117,"167","32","","0","0","2017-11-10"
"547","Fresno",206,83,"139","10","","0","0","2017-11-11"
"548","Fresno",194,94,"137","6","","0","0","2017-11-12"
"549","Fresno",206,67,"130","9","","0","0","2017-11-13"
"550","Fresno",194,89,"141","6","","0","0","2017-11-14"
"551","Fresno",211,94,"146","28","","0","0","2017-11-15"
"552","Fresno",222,167,"193","46","","0","0","2017-11-16"
"553","Fresno",178,83,"168","47","","53","","2017-11-17"
"554","Fresno",183,61,"116","6","","0","0","2017-11-18"
"555","Fresno",183,50,"109","8","","0","0","2017-11-19"
"556","Fresno",200,89,"133","17","","0","0","2017-11-20"
"557","Fresno",217,106,"156","6","","0","0","2017-11-21"
"558","Fresno",244,78,"150","6","","0","0","2017-11-22"
"559","Fresno",239,94,"157","12","","0","0","2017-11-23"
"560","Fresno",217,106,"161","14","","0","0","2017-11-24"
"561","Fresno",244,89,"156","17","","0","0","2017-11-25"
"562","Fresno",272,111,"179","30","","3","0","2017-11-26"
"563","Fresno",161,67,"156","35","","13","0","2017-11-27"
"564","Fresno",167,39,"96","12","","0","0","2017-11-28"
"565","Fresno",161,44,"98","13","","0","0","2017-11-29"
"566","Fresno",156,39,"93","10","","0","0","2017-11-30"
"567","Fresno",167,39,"97","","","0","","2017-12-01"
"569","Sacramento",189,56,"","","","0","","2017-11-07"
"570","Sacramento",183,83,"","","","30","","2017-11-08"
"571","Sacramento",194,133,"","","","43","","2017-11-09"
"572","Sacramento",200,117,"","","","8","0","2017-11-10"
"573","Sacramento",194,89,"","","","3","0","2017-11-11"
"574","Sacramento",194,83,"","","","0","0","2017-11-12"
"575","Sacramento",211,106,"","","","3","","2017-11-13"
"576","Sacramento",189,111,"","","","0","","2017-11-14"
"577","Sacramento",150,111,"","","","137","","2017-11-15"
"578","Sacramento",144,128,"","","","246","0","2017-11-16"
"579","Sacramento",161,83,"","","","33","0","2017-11-17"
"580","Sacramento",167,39,"","","","0","0","2017-11-18"
"581","Sacramento",172,50,"","","","0","0","2017-11-19"
"582","Sacramento",167,117,"","","","0","","2017-11-20"
"583","Sacramento",183,106,"","","","0","0","2017-11-21"
"584","Sacramento",194,100,"","","","0","0","2017-11-22"
"585","Sacramento",172,117,"","","","0","0","2017-11-23"
"586","Sacramento",222,117,"","","","0","","2017-11-24"
"587","Sacramento",200,122,"","","","0","","2017-11-25"
"588","Sacramento",161,128,"","","","56","0","2017-11-26"
"589","Sacramento",156,78,"","","","28","","2017-11-27"
"590","Sacramento",178,56,"","","","0","0","2017-11-28"
"591","Sacramento",156,44,"","","","0","","2017-11-29"
"592","Sacramento",178,50,"","","","0","","2017-11-30"
"594","Winnemucca",100,-38,"23","43","","0","0","2017-11-07"
"595","Winnemucca",94,-43,"24","42","","0","0","2017-11-08"
"596","Winnemucca",167,17,"79","32","","0","0","2017-11-09"
"597","Winnemucca",150,6,"82","32","","0","0","2017-11-10"
"598","Winnemucca",144,-43,"71","21","","0","0","2017-11-11"
"599","Winnemucca",167,-77,"31","26","","0","0","2017-11-12"
"600","Winnemucca",178,-71,"40","38","","0","0","2017-11-13"
"601","Winnemucca",133,28,"109","33","","0","0","2017-11-14"
"602","Winnemucca",144,11,"66","31","","0","0","2017-11-15"
"603","Winnemucca",128,44,"105","69","","76","0","2017-11-16"
"604","Winnemucca",72,-49,"50","34","","10","0","2017-11-17"
"605","Winnemucca",83,-43,"-3","30","","0","0","2017-11-18"
"606","Winnemucca",83,-93,"-5","12","","0","0","2017-11-19"
"607","Winnemucca",156,56,"72","46","","10","0","2017-11-20"
"608","Winnemucca",194,44,"133","25","","0","0","2017-11-21"
"609","Winnemucca",200,0,"99","21","","0","0","2017-11-22"
"610","Winnemucca",222,17,"113","23","","0","0","2017-11-23"
"611","Winnemucca",161,44,"121","26","","0","0","2017-11-24"
"612","Winnemucca",167,22,"86","33","","0","0","2017-11-25"
"613","Winnemucca",233,39,"117","66","","20","0","2017-11-26"
"614","Winnemucca",133,-27,"109","38","","74","0","2017-11-27"
"615","Winnemucca",106,-43,"22","25","","0","0","2017-11-28"
"616","Winnemucca",83,-49,"14","36","","0","0","2017-11-29"
"617","Winnemucca",94,-77,"-1","16","","0","0","2017-11-30"
"618","Winnemucca",111,-44,"37","","","0","","2017-12-01"
"620","Salt Lake City",78,0,"39","26","","0","0","2017-11-07"
"621","Salt Lake City",106,-32,"25","24","","0","0","2017-11-08"
"622","Salt Lake City",156,11,"63","28","","0","0","2017-11-09"
"623","Salt Lake City",117,28,"71","12","","0","0","2017-11-10"
"624","Salt Lake City",133,22,"71","29","","0","0","2017-11-11"
"625","Salt Lake City",144,0,"63","16","","0","0","2017-11-12"
"626","Salt Lake City",150,6,"64","17","","0","0","2017-11-13"
"627","Salt Lake City",144,39,"94","27","","0","0","2017-11-14"
"628","Salt Lake City",161,22,"76","24","","0","0","2017-11-15"
"629","Salt Lake City",189,117,"151","90","","0","0","2017-11-16"
"630","Salt Lake City",122,0,"93","54","","234","0","2017-11-17"
"631","Salt Lake City",72,-10,"23","27","","0","0","2017-11-18"
"632","Salt Lake City",94,-10,"22","17","","0","0","2017-11-19"
"633","Salt Lake City",89,11,"22","16","","0","0","2017-11-20"
"634","Salt Lake City",178,67,"92","16","","0","0","2017-11-21"
"635","Salt Lake City",200,67,"117","21","","0","0","2017-11-22"
"636","Salt Lake City",183,78,"117","29","","0","0","2017-11-23"
"637","Salt Lake City",178,67,"118","22","","0","0","2017-11-24"
"638","Salt Lake City",156,50,"96","22","","0","0","2017-11-25"
"639","Salt Lake City",206,39,"80","30","","0","0","2017-11-26"
"640","Salt Lake City",200,33,"149","78","","48","0","2017-11-27"
"641","Salt Lake City",100,0,"46","23","","0","0","2017-11-28"
"642","Salt Lake City",94,0,"38","26","","0","0","2017-11-29"
"643","Salt Lake City",94,-21,"36","17","","0","0","2017-11-30"
"644","Salt Lake City",111,22,"50","","","0","0","2017-12-01"
"646","Grand Junction",150,-16,"77","30","","0","0","2017-11-07"
"647","Grand Junction",106,-55,"31","18","","0","0","2017-11-08"
"648","Grand Junction",144,-27,"43","19","","0","0","2017-11-09"
"649","Grand Junction",161,-16,"61","18","","0","0","2017-11-10"
"650","Grand Junction",167,-27,"65","21","","0","0","2017-11-11"
"651","Grand Junction",144,6,"69","26","","0","0","2017-11-12"
"652","Grand Junction",183,-10,"86","27","","0","0","2017-11-13"
"653","Grand Junction",172,0,"82","27","","0","0","2017-11-14"
"654","Grand Junction",156,-5,"65","32","","0","0","2017-11-15"
"655","Grand Junction",178,0,"73","30","","0","0","2017-11-16"
"656","Grand Junction",200,-10,"141","60","","3","0","2017-11-17"
"657","Grand Junction",67,-71,"13","16","","0","0","2017-11-18"
"658","Grand Junction",72,-99,"-25","16","","0","0","2017-11-19"
"659","Grand Junction",67,-55,"0","12","","0","0","2017-11-20"
"660","Grand Junction",139,0,"46","15","","0","0","2017-11-21"
"661","Grand Junction",172,0,"69","21","","0","0","2017-11-22"
"662","Grand Junction",161,11,"78","20","","0","0","2017-11-23"
"663","Grand Junction",167,28,"82","17","","0","0","2017-11-24"
"664","Grand Junction",167,0,"82","21","","0","0","2017-11-25"
"665","Grand Junction",178,0,"84","17","","0","0","2017-11-26"
"666","Grand Junction",150,-16,"60","23","","0","0","2017-11-27"
"667","Grand Junction",139,0,"86","26","","0","0","2017-11-28"
"668","Grand Junction",128,-21,"40","20","","0","0","2017-11-29"
"669","Grand Junction",128,-55,"36","19","","0","0","2017-11-30"
"670","Grand Junction",111,-39,"24","","","0","","2017-12-01"
"672","Denver",11,-38,"","30","","8","","2017-11-07"
"673","Denver",167,-43,"","22","","0","","2017-11-08"
"674","Denver",67,-21,"","18","","0","","2017-11-09"
"675","Denver",183,-55,"","15","","0","","2017-11-10"
"676","Denver",150,-27,"","31","","0","","2017-11-11"
"677","Denver",139,-21,"","47","","0","","2017-11-12"
"678","Denver",217,28,"","23","","0","","2017-11-13"
"679","Denver",200,11,"","22","","0","","2017-11-14"
"680","Denver",139,-55,"","32","","0","","2017-11-15"
"681","Denver",228,11,"","59","","0","","2017-11-16"
"682","Denver",178,6,"","60","","56","","2017-11-17"
"683","Denver",78,-49,"","38","","0","","2017-11-18"
"684","Denver",156,-43,"","39","","0","","2017-11-19"
"685","Denver",189,22,"","36","","0","","2017-11-20"
"686","Denver",133,11,"","35","","0","","2017-11-21"
"687","Denver",200,17,"","34","","0","","2017-11-22"
"688","Denver",206,33,"","27","","0","","2017-11-23"
"689","Denver",200,33,"","36","","0","","2017-11-24"
"690","Denver",161,6,"","30","","0","","2017-11-25"
"691","Denver",222,39,"","41","","0","","2017-11-26"
"692","Denver",256,50,"","57","","0","","2017-11-27"
"693","Denver",72,0,"","31","","0","","2017-11-28"
"694","Denver",172,-10,"","41","","0","","2017-11-29"
"695","Denver",161,-21,"","41","","0","","2017-11-30"
"697","Hays",78,-6,"","","","0","0","2017-11-07"
"698","Hays",56,-89,"","","","0","0","2017-11-08"
"699","Hays",117,-72,"","","","0","0","2017-11-09"
"700","Hays",56,-44,"","","","0","0","2017-11-10"
"701","Hays",100,39,"","","","13","0","2017-11-12"
"702","Hays",94,-33,"","","","0","0","2017-11-13"
"703","Hays",100,6,"","","","0","0","2017-11-14"
"704","Hays",172,11,"","","","0","0","2017-11-15"
"705","Hays",139,-22,"","","","0","0","2017-11-16"
"706","Hays",172,-11,"","","","0","0","2017-11-17"
"707","Hays",283,33,"","","","8","0","2017-11-18"
"708","Hays",111,-67,"","","","0","0","2017-11-19"
"709","Hays",156,-44,"","","","0","0","2017-11-20"
"710","Hays",228,-28,"","","","0","0","2017-11-21"
"711","Hays",89,-83,"","","","0","0","2017-11-22"
"712","Hays",161,-50,"","","","0","0","2017-11-23"
"713","Hays",222,39,"","","","0","0","2017-11-24"
"714","Hays",289,0,"","","","0","0","2017-11-25"
"715","Hays",167,6,"","","","0","0","2017-11-26"
"716","Hays",211,28,"","","","0","0","2017-11-27"
"717","Hays",250,44,"","","","0","0","2017-11-28"
"718","Hays",139,-61,"","","","0","0","2017-11-29"
"719","Hays",122,-56,"","","","0","0","2017-11-30"
"720","Hays",128,-56,"","","","0","0","2017-12-01"
"722","Kansas City",94,17,"","36","","0","","2017-11-07"
"723","Kansas City",117,-16,"","5","","0","","2017-11-08"
"724","Kansas City",100,-5,"","31","","0","","2017-11-09"
"725","Kansas City",50,-32,"","41","","0","","2017-11-10"
"726","Kansas City",111,22,"","20","","0","","2017-11-11"
"727","Kansas City",94,39,"","26","","0","","2017-11-12"
"728","Kansas City",106,72,"","24","","0","","2017-11-13"
"729","Kansas City",139,100,"","29","","0","","2017-11-14"
"730","Kansas City",156,44,"","36","","0","","2017-11-15"
"731","Kansas City",133,6,"","26","","0","","2017-11-16"
"732","Kansas City",222,111,"","38","","0","","2017-11-17"
"733","Kansas City",167,33,"","59","","15","","2017-11-18"
"734","Kansas City",122,-10,"","31","","0","","2017-11-19"
"735","Kansas City",172,67,"","77","","0","","2017-11-20"
"736","Kansas City",122,-16,"","50","","0","","2017-11-21"
"737","Kansas City",67,-55,"","25","","0","","2017-11-22"
"738","Kansas City",178,22,"","22","","0","","2017-11-23"
"739","Kansas City",233,111,"","58","","0","","2017-11-24"
"740","Kansas City",167,33,"","14","","0","","2017-11-25"
"741","Kansas City",194,22,"","23","","0","","2017-11-26"
"742","Kansas City",217,78,"","51","","0","","2017-11-27"
"743","Kansas City",172,117,"","60","","0","","2017-11-28"
"744","Kansas City",128,89,"","32","","0","","2017-11-29"
"745","Kansas City",150,17,"","22","","0","","2017-11-30"
"746","Kansas City",161,0,"","","","0","","2017-12-01"
"748","St Louis",117,72,"","53","","0","0","2017-11-07"
"749","St Louis",128,0,"","24","","0","0","2017-11-08"
"750","St Louis",161,-21,"","38","","0","0","2017-11-09"
"751","St Louis",61,-21,"","32","","0","0","2017-11-10"
"752","St Louis",111,-5,"","30","","0","0","2017-11-11"
"753","St Louis",111,56,"","27","","3","0","2017-11-12"
"754","St Louis",111,28,"","20","","0","0","2017-11-13"
"755","St Louis",211,6,"","33","","0","0","2017-11-14"
"756","St Louis",167,61,"","35","","132","0","2017-11-15"
"757","St Louis",83,-5,"","28","","0","0","2017-11-16"
"758","St Louis",167,-5,"","48","","0","0","2017-11-17"
"759","St Louis",228,39,"","69","","33","0","2017-11-18"
"760","St Louis",61,-38,"","44","","0","0","2017-11-19"
"761","St Louis",161,-43,"","32","","0","0","2017-11-20"
"762","St Louis",144,-5,"","47","","0","0","2017-11-21"
"763","St Louis",44,-38,"","21","","0","0","2017-11-22"
"764","St Louis",156,-32,"","17","","0","0","2017-11-23"
"765","St Louis",228,-21,"","30","","0","0","2017-11-24"
"766","St Louis",156,0,"","37","","0","0","2017-11-25"
"767","St Louis",167,-27,"","11","","0","0","2017-11-26"
"768","St Louis",228,-5,"","26","","0","0","2017-11-27"
"769","St Louis",222,72,"","37","","0","0","2017-11-28"
"770","St Louis",144,67,"","23","","0","0","2017-11-29"
"771","St Louis",144,-16,"","31","","3","0","2017-11-30"
"773","Louisville",111,83,"98","45","","64","0","2017-11-07"
"774","Louisville",128,50,"94","35","","0","0","2017-11-08"
"775","Louisville",156,22,"81","26","","0","0","2017-11-09"
"776","Louisville",67,0,"46","46","","0","0","2017-11-10"
"777","Louisville",94,-21,"22","19","","0","0","2017-11-11"
"778","Louisville",128,50,"81","28","","18","0","2017-11-12"
"779","Louisville",89,50,"74","32","","0","0","2017-11-13"
"780","Louisville",122,50,"85","28","","0","0","2017-11-14"
"781","Louisville",117,28,"70","30","","84","0","2017-11-15"
"782","Louisville",100,17,"67","28","","0","0","2017-11-16"
"783","Louisville",150,11,"45","40","","0","0","2017-11-17"
"784","Louisville",194,56,"163","89","","46","0","2017-11-18"
"785","Louisville",61,-5,"52","51","","0","0","2017-11-19"
"786","Louisville",106,-32,"0","31","","0","0","2017-11-20"
"787","Louisville",150,50,"88","53","","0","0","2017-11-21"
"788","Louisville",78,-10,"49","34","","0","0","2017-11-22"
"789","Louisville",94,-21,"25","12","","0","0","2017-11-23"
"790","Louisville",161,-5,"62","32","","0","0","2017-11-24"
"791","Louisville",172,67,"128","44","","0","0","2017-11-25"
"792","Louisville",139,17,"80","14","","0","0","2017-11-26"
"793","Louisville",189,11,"81","28","","0","0","2017-11-27"
"794","Louisville",189,56,"119","39","","0","0","2017-11-28"
"795","Louisville",172,72,"126","17","","0","0","2017-11-29"
"796","Louisville",139,50,"103","25","","8","0","2017-11-30"
"797","Louisville",139,6,"66","7","","0","0","2017-12-01"
"799","Charleston",106,56,"89","28","","188","0","2017-11-07"
"800","Charleston",67,50,"59","18","","0","0","2017-11-08"
"801","Charleston",111,33,"74","13","","0","0","2017-11-09"
"802","Charleston",44,-32,"28","28","","0","0","2017-11-10"
"803","Charleston",100,-49,"4","12","","0","0","2017-11-11"
"804","Charleston",139,11,"56","5","","0","0","2017-11-12"
"805","Charleston",111,44,"79","23","","20","0","2017-11-13"
"806","Charleston",83,0,"59","13","","0","0","2017-11-14"
"807","Charleston",139,-21,"43","19","","3","0","2017-11-15"
"808","Charleston",100,11,"86","41","","0","0","2017-11-16"
"809","Charleston",128,11,"51","10","","0","0","2017-11-17"
"810","Charleston",217,22,"122","61","","66","0","2017-11-18"
"811","Charleston",100,22,"78","48","","10","0","2017-11-19"
"812","Charleston",94,-21,"31","22","","0","0","2017-11-20"
"813","Charleston",178,-43,"47","25","","13","0","2017-11-21"
"814","Charleston",100,-27,"71","23","","0","0","2017-11-22"
"815","Charleston",83,-55,"3","4","","0","0","2017-11-23"
"816","Charleston",161,-38,"35","7","","0","0","2017-11-24"
"817","Charleston",161,6,"88","33","","0","0","2017-11-25"
"818","Charleston",94,-10,"65","21","","0","0","2017-11-26"
"819","Charleston",150,-32,"37","5","","0","0","2017-11-27"
"820","Charleston",194,-10,"77","8","","0","0","2017-11-28"
"821","Charleston",178,6,"88","7","","0","0","2017-11-29"
"822","Charleston",189,39,"104","19","","15","0","2017-11-30"
"823","Charleston",117,-6,"72","","","0","0","2017-12-01"
"825","Nashville",156,94,"143","37","","447","0","2017-11-07"
"826","Nashville",139,83,"102","47","","0","0","2017-11-08"
"827","Nashville",172,50,"110","29","","0","0","2017-11-09"
"828","Nashville",111,22,"77","47","","0","0","2017-11-10"
"829","Nashville",167,-5,"62","19","","0","0","2017-11-11"
"830","Nashville",139,89,"111","33","","0","0","2017-11-12"
"831","Nashville",111,39,"94","40","","0","0","2017-11-13"
"832","Nashville",156,28,"78","18","","0","0","2017-11-14"
"833","Nashville",150,39,"88","27","","30","0","2017-11-15"
"834","Nashville",156,39,"115","22","","0","0","2017-11-16"
"835","Nashville",189,11,"77","33","","0","0","2017-11-17"
"836","Nashville",200,67,"172","76","","97","","2017-11-18"
"837","Nashville",89,-16,"73","36","","0","0","2017-11-19"
"838","Nashville",128,-38,"33","15","","0","0","2017-11-20"
"839","Nashville",161,11,"76","22","","0","0","2017-11-21"
"840","Nashville",94,-10,"58","42","","0","0","2017-11-22"
"841","Nashville",128,-43,"38","11","","0","0","2017-11-23"
"842","Nashville",178,-16,"62","23","","0","0","2017-11-24"
"843","Nashville",194,61,"125","34","","0","0","2017-11-25"
"844","Nashville",167,6,"99","19","","0","0","2017-11-26"
"845","Nashville",183,-10,"77","15","","0","0","2017-11-27"
"846","Nashville",200,17,"101","28","","0","0","2017-11-28"
"847","Nashville",206,11,"111","13","","0","0","2017-11-29"
"848","Nashville",183,78,"133","25","","61","","2017-11-30"
"849","Nashville",161,39,"103","","","0","","2017-12-01"
"851","Knoxville",211,117,"184","33","","572","0","2017-11-07"
"852","Knoxville",117,89,"111","37","","3","","2017-11-08"
"853","Knoxville",150,56,"102","16","","5","0","2017-11-09"
"854","Knoxville",122,33,"80","31","","0","0","2017-11-10"
"855","Knoxville",139,-5,"61","16","","0","0","2017-11-11"
"856","Knoxville",128,72,"96","12","","0","0","2017-11-12"
"857","Knoxville",111,67,"103","38","","0","0","2017-11-13"
"858","Knoxville",139,33,"80","18","","0","0","2017-11-14"
"859","Knoxville",139,11,"69","19","","5","","2017-11-15"
"860","Knoxville",161,56,"118","17","","0","0","2017-11-16"
"861","Knoxville",167,22,"88","14","","0","0","2017-11-17"
"862","Knoxville",200,61,"122","68","","64","","2017-11-18"
"863","Knoxville",89,11,"88","31","","0","0","2017-11-19"
"864","Knoxville",111,-32,"31","9","","0","0","2017-11-20"
"865","Knoxville",156,-10,"54","12","","0","0","2017-11-21"
"866","Knoxville",122,28,"92","33","","0","0","2017-11-22"
"867","Knoxville",133,-10,"53","13","","0","0","2017-11-23"
"868","Knoxville",150,-10,"62","9","","0","0","2017-11-24"
"869","Knoxville",167,39,"101","26","","0","0","2017-11-25"
"870","Knoxville",139,6,"91","15","","0","0","2017-11-26"
"871","Knoxville",150,-21,"55","16","","0","0","2017-11-27"
"872","Knoxville",178,-21,"68","3","","0","0","2017-11-28"
"873","Knoxville",183,0,"92","6","","0","0","2017-11-29"
"874","Knoxville",156,33,"88","9","","8","0","2017-11-30"
"875","Knoxville",167,78,"120","","","0","","2017-12-01"
"877","Raleigh",172,67,"163","29","","25","0","2017-11-07"
"878","Raleigh",72,61,"73","37","","33","0","2017-11-08"
"879","Raleigh",100,72,"79","18","","69","0","2017-11-09"
"880","Raleigh",144,17,"99","30","","0","0","2017-11-10"
"881","Raleigh",78,-21,"31","23","","0","0","2017-11-11"
"882","Raleigh",94,-21,"29","7","","8","0","2017-11-12"
"883","Raleigh",156,56,"88","19","","163","0","2017-11-13"
"884","Raleigh",111,61,"84","39","","0","0","2017-11-14"
"885","Raleigh",122,6,"69","16","","0","0","2017-11-15"
"886","Raleigh",194,22,"92","14","","0","0","2017-11-16"
"887","Raleigh",139,11,"74","13","","0","0","2017-11-17"
"888","Raleigh",194,6,"86","51","","0","0","2017-11-18"
"889","Raleigh",178,11,"147","41","","20","0","2017-11-19"
"890","Raleigh",139,-21,"","9","","0","0","2017-11-20"
"891","Raleigh",178,-10,"77","13","","0","0","2017-11-21"
"892","Raleigh",167,56,"132","21","","8","0","2017-11-22"
"893","Raleigh",100,-16,"58","12","","0","0","2017-11-23"
"894","Raleigh",139,-32,"37","7","","0","0","2017-11-24"
"895","Raleigh",194,-16,"65","22","","0","0","2017-11-25"
"896","Raleigh",167,6,"109","13","","0","0","2017-11-26"
"897","Raleigh",161,-32,"55","6","","0","0","2017-11-27"
"898","Raleigh",183,-16,"69","10","","0","0","2017-11-28"
"899","Raleigh",211,44,"110","11","","0","0","2017-11-29"
"900","Raleigh",206,17,"97","5","","0","0","2017-11-30"
"901","Raleigh",172,50,"118","23","","0","0","2017-12-01"
"903","Dulles",106,39,"84","50","","234","0","2017-11-07"
"904","Dulles",89,39,"55","41","","0","0","2017-11-08"
"905","Dulles",100,56,"72","17","","10","0","2017-11-09"
"906","Dulles",78,-16,"57","57","","0","0","2017-11-10"
"907","Dulles",28,-60,"-13","17","","0","0","2017-11-11"
"908","Dulles",83,-49,"7","10","","8","0","2017-11-12"
"909","Dulles",100,22,"57","22","","43","0","2017-11-13"
"910","Dulles",94,11,"63","28","","0","0","2017-11-14"
"911","Dulles",122,-27,"50","18","","0","0","2017-11-15"
"912","Dulles",167,39,"96","51","","0","0","2017-11-16"
"913","Dulles",117,-16,"70","32","","0","0","2017-11-17"
"914","Dulles",167,-5,"62","56","","3","0","2017-11-18"
"915","Dulles",156,44,"114","79","","23","0","2017-11-19"
"916","Dulles",106,17,"54","45","","0","0","2017-11-20"
"917","Dulles",156,11,"69","45","","0","0","2017-11-21"
"918","Dulles",133,11,"104","55","","0","0","2017-11-22"
"919","Dulles",67,-38,"19","19","","0","0","2017-11-23"
"920","Dulles",128,-43,"23","17","","0","0","2017-11-24"
"921","Dulles",167,-21,"60","19","","0","0","2017-11-25"
"922","Dulles",117,-5,"92","33","","0","0","2017-11-26"
"923","Dulles",156,-10,"64","20","","0","0","2017-11-27"
"924","Dulles",172,-10,"67","22","","0","0","2017-11-28"
"925","Dulles",200,0,"100","24","","0","0","2017-11-29"
"926","Dulles",139,0,"62","16","","8","0","2017-11-30"
"927","Dulles",122,-16,"84","25","","0","0","2017-12-01"
"929","Cleveland",94,61,"","44","","0","","2017-11-07"
"930","Cleveland",94,33,"","24","","0","","2017-11-08"
"931","Cleveland",106,11,"","74","","0","","2017-11-09"
"932","Cleveland",11,-43,"","75","","0","","2017-11-10"
"933","Cleveland",28,-60,"","35","","0","","2017-11-11"
"934","Cleveland",83,0,"","23","","0","","2017-11-12"
"935","Cleveland",72,44,"","39","","0","","2017-11-13"
"936","Cleveland",78,33,"","31","","0","","2017-11-14"
"937","Cleveland",94,17,"","61","","30","","2017-11-15"
"938","Cleveland",94,44,"","93","","0","","2017-11-16"
"939","Cleveland",83,39,"","51","","0","","2017-11-17"
"940","Cleveland",139,44,"","80","","406","","2017-11-18"
"941","Cleveland",56,6,"","121","","20","","2017-11-19"
"942","Cleveland",89,-10,"","80","","0","","2017-11-20"
"943","Cleveland",133,39,"","82","","25","","2017-11-21"
"944","Cleveland",50,0,"","55","","3","","2017-11-22"
"945","Cleveland",44,-16,"","48","","0","","2017-11-23"
"946","Cleveland",128,6,"","64","","0","","2017-11-24"
"947","Cleveland",117,50,"","72","","0","","2017-11-25"
"948","Cleveland",56,17,"","59","","0","","2017-11-26"
"949","Cleveland",89,22,"","40","","0","","2017-11-27"
"950","Cleveland",189,83,"","79","","0","","2017-11-28"
"951","Cleveland",150,22,"","46","","0","","2017-11-29"
"952","Cleveland",133,28,"","59","","23","","2017-11-30"
"953","Cleveland",72,11,"","24","","0","","2017-12-01"
"955","Rochester",67,-5,"52","24","","0","0","2017-11-07"
"956","Rochester",89,-21,"27","20","","0","0","2017-11-08"
"957","Rochester",100,-5,"36","51","","38","8","2017-11-09"
"958","Rochester",0,-66,"-24","60","","25","30","2017-11-10"
"959","Rochester",6,-55,"-31","30","","0","0","2017-11-11"
"960","Rochester",56,-43,"5","19","","0","0","2017-11-12"
"961","Rochester",61,11,"37","21","","53","0","2017-11-13"
"962","Rochester",56,11,"42","13","","0","0","2017-11-14"
"963","Rochester",89,-21,"31","34","","0","0","2017-11-15"
"964","Rochester",89,17,"76","74","","15","0","2017-11-16"
"965","Rochester",33,-5,"16","40","","0","0","2017-11-17"
"966","Rochester",100,0,"44","31","","86","0","2017-11-18"
"967","Rochester",106,-5,"47","63","","89","15","2017-11-19"
"968","Rochester",56,-10,"-2","59","","0","8","2017-11-20"
"969","Rochester",139,39,"73","64","","0","0","2017-11-21"
"970","Rochester",67,-10,"33","49","","18","0","2017-11-22"
"971","Rochester",33,-16,"-2","38","","0","0","2017-11-23"
"972","Rochester",122,22,"56","46","","0","0","2017-11-24"
"973","Rochester",111,44,"96","50","","18","0","2017-11-25"
"974","Rochester",61,6,"29","55","","5","0","2017-11-26"
"975","Rochester",56,-27,"32","41","","0","0","2017-11-27"
"976","Rochester",189,-21,"56","53","","0","0","2017-11-28"
"977","Rochester",161,-32,"99","47","","0","0","2017-11-29"
"978","Rochester",117,-43,"22","36","","15","0","2017-11-30"
"979","Rochester",83,-16,"63","27","","0","0","2017-12-01"
"981","Bangor",61,-5,"44","39","","0","0","2017-11-07"
"982","Bangor",56,-55,"14","22","","0","0","2017-11-08"
"983","Bangor",61,-71,"-11","13","","0","0","2017-11-09"
"984","Bangor",83,-55,"21","59","","15","0","2017-11-10"
"985","Bangor",28,-60,"-27","58","","0","0","2017-11-11"
"986","Bangor",44,-71,"-22","5","","0","0","2017-11-12"
"987","Bangor",33,-82,"-23","3","","0","0","2017-11-13"
"988","Bangor",50,-43,"11","41","","0","0","2017-11-14"
"989","Bangor",39,-27,"16","22","","0","0","2017-11-15"
"990","Bangor",72,-10,"21","16","","135","0","2017-11-16"
"991","Bangor",50,-27,"22","55","","10","0","2017-11-17"
"992","Bangor",44,-60,"-9","18","","8","0","2017-11-18"
"993","Bangor",133,0,"88","57","","163","0","2017-11-19"
"994","Bangor",11,-82,"4","49","","0","0","2017-11-20"
"995","Bangor",100,-105,"-15","35","","0","0","2017-11-21"
"996","Bangor",94,6,"57","32","","231","0","2017-11-22"
"997","Bangor",28,-27,"0","39","","0","0","2017-11-23"
"998","Bangor",72,-27,"13","27","","0","0","2017-11-24"
"999","Bangor",122,6,"66","41","","0","0","2017-11-25"
"1000","Bangor",67,-27,"41","43","","8","0","2017-11-26"
"1001","Bangor",22,-77,"-18","38","","0","0","2017-11-27"
"1002","Bangor",39,-110,"-61","30","","0","0","2017-11-28"
"1003","Bangor",117,-21,"59","47","","0","0","2017-11-29"
"1004","Bangor",61,-77,"-11","27","","0","0","2017-11-30"
"1005","Bangor",78,0,"58","28","","33","0","2017-12-01"
"1007","Chicago",89,6,"","49","","0","","2017-11-07"
"1008","Chicago",83,-16,"","22","","0","","2017-11-08"
"1009","Chicago",83,-55,"","60","","0","","2017-11-09"
"1010","Chicago",-5,-66,"","35","","0","","2017-11-10"
"1011","Chicago",39,-32,"","36","","0","","2017-11-11"
"1012","Chicago",50,33,"","21","","25","","2017-11-12"
"1013","Chicago",56,0,"","24","","0","","2017-11-13"
"1014","Chicago",100,6,"","44","","0","","2017-11-14"
"1015","Chicago",111,11,"","66","","58","","2017-11-15"
"1016","Chicago",39,0,"","36","","0","","2017-11-16"
"1017","Chicago",89,22,"","55","","132","","2017-11-17"
"1018","Chicago",89,22,"","68","","147","","2017-11-18"
"1019","Chicago",33,-10,"","56","","0","","2017-11-19"
"1020","Chicago",122,-5,"","72","","0","","2017-11-20"
"1021","Chicago",72,-21,"","61","","10","","2017-11-21"
"1022","Chicago",17,-49,"","36","","0","","2017-11-22"
"1023","Chicago",89,0,"","38","","0","","2017-11-23"
"1024","Chicago",167,11,"","58","","0","","2017-11-24"
"1025","Chicago",128,22,"","50","","0","","2017-11-25"
"1026","Chicago",94,-21,"","33","","0","","2017-11-26"
"1027","Chicago",139,22,"","35","","0","","2017-11-27"
"1028","Chicago",167,78,"","64","","0","","2017-11-28"
"1029","Chicago",89,17,"","31","","0","","2017-11-29"
"1030","Chicago",128,39,"","47","","0","","2017-11-30"
"1032","Minneapolis",22,-21,"-8","33","","0","0","2017-11-07"
"1033","Minneapolis",56,-32,"-1","36","","0","0","2017-11-08"
"1034","Minneapolis",-10,-110,"-34","67","","0","0","2017-11-09"
"1035","Minneapolis",-32,-116,"-91","61","","8","3","2017-11-10"
"1036","Minneapolis",67,-43,"-1","32","","0","0","2017-11-11"
"1037","Minneapolis",22,-43,"-4","24","","0","0","2017-11-12"
"1038","Minneapolis",78,-38,"7","38","","0","0","2017-11-13"
"1039","Minneapolis",72,39,"51","35","","20","0","2017-11-14"
"1040","Minneapolis",78,-27,"43","71","","0","0","2017-11-15"
"1041","Minneapolis",11,-27,"-14","48","","0","0","2017-11-16"
"1042","Minneapolis",39,11,"20","44","","23","0","2017-11-17"
"1043","Minneapolis",28,-60,"17","65","","0","0","2017-11-18"
"1044","Minneapolis",50,-77,"-40","30","","0","0","2017-11-19"
"1045","Minneapolis",89,-21,"29","38","","0","0","2017-11-20"
"1046","Minneapolis",56,-77,"4","82","","0","0","2017-11-21"
"1047","Minneapolis",6,-93,"-62","30","","0","0","2017-11-22"
"1048","Minneapolis",94,-49,"1","21","","0","0","2017-11-23"
"1049","Minneapolis",156,44,"96","48","","0","0","2017-11-24"
"1050","Minneapolis",50,-16,"38","40","","0","0","2017-11-25"
"1051","Minneapolis",106,-43,"20","21","","0","0","2017-11-26"
"1052","Minneapolis",156,0,"66","52","","0","0","2017-11-27"
"1053","Minneapolis",117,6,"99","61","","0","0","2017-11-28"
"1054","Minneapolis",78,-38,"22","46","","0","0","2017-11-29"
"1055","Minneapolis",89,-5,"57","51","","0","0","2017-11-30"
"1056","Minneapolis",106,-22,"35","","","0","","2017-12-01"
"1058","Sioux Falls",17,-32,"-8","24","","0","0","2017-11-07"
"1059","Sioux Falls",94,-66,"3","31","","0","0","2017-11-08"
"1060","Sioux Falls",-21,-82,"-28","56","","0","0","2017-11-09"
"1061","Sioux Falls",0,-82,"-67","74","","0","0","2017-11-10"
"1062","Sioux Falls",100,-21,"21","25","","0","0","2017-11-11"
"1063","Sioux Falls",83,-60,"3","13","","0","0","2017-11-12"
"1064","Sioux Falls",100,6,"29","63","","0","0","2017-11-13"
"1065","Sioux Falls",122,67,"83","51","","0","0","2017-11-14"
"1066","Sioux Falls",67,-82,"42","58","","0","0","2017-11-15"
"1067","Sioux Falls",50,-99,"-43","53","","0","0","2017-11-16"
"1068","Sioux Falls",106,22,"63","50","","0","0","2017-11-17"
"1069","Sioux Falls",33,-49,"23","67","","0","0","2017-11-18"
"1070","Sioux Falls",111,-66,"1","26","","0","0","2017-11-19"
"1071","Sioux Falls",106,-43,"33","28","","0","0","2017-11-20"
"1072","Sioux Falls",44,-110,"-1","63","","0","0","2017-11-21"
"1073","Sioux Falls",44,-116,"-56","43","","0","0","2017-11-22"
"1074","Sioux Falls",150,-38,"42","36","","0","0","2017-11-23"
"1075","Sioux Falls",189,22,"108","52","","0","0","2017-11-24"
"1076","Sioux Falls",117,-43,"47","16","","0","0","2017-11-25"
"1077","Sioux Falls",144,-55,"18","9","","0","0","2017-11-26"
"1078","Sioux Falls",194,-16,"78","57","","0","0","2017-11-27"
"1079","Sioux Falls",117,-55,"96","52","","0","0","2017-11-28"
"1080","Sioux Falls",94,-88,"4","53","","0","0","2017-11-29"
"1081","Sioux Falls",111,-21,"56","41","","0","0","2017-11-30"
"1082","Sioux Falls",100,-44,"46","","","0","","2017-12-01"
"1084","Rapid city",33,-89,"","","","0","0","2017-11-07"
"1085","Rapid city",50,-56,"","","","0","0","2017-11-08"
"1086","Rapid city",-28,-67,"","","","0","0","2017-11-09"
"1087","Rapid city",83,-67,"","","","0","0","2017-11-10"
"1088","Rapid city",89,11,"","","","0","0","2017-11-11"
"1089","Rapid city",128,-11,"","","","0","0","2017-11-12"
"1090","Rapid city",156,17,"","","","0","0","2017-11-13"
"1091","Rapid city",139,33,"","","","0","0","2017-11-14"
"1092","Rapid city",89,-39,"","","","0","0","2017-11-15"
"1093","Rapid city",222,-44,"","","","0","0","2017-11-16"
"1094","Rapid city",72,11,"","","","36","0","2017-11-17"
"1095","Rapid city",67,0,"","","","0","0","2017-11-18"
"1096","Rapid city",117,-33,"","","","0","0","2017-11-19"
"1097","Rapid city",178,-11,"","","","0","0","2017-11-20"
"1098","Rapid city",6,-56,"","","","3","5","2017-11-21"
"1099","Rapid city",206,-50,"","","","0","0","2017-11-22"
"1100","Rapid city",244,111,"","","","0","0","2017-11-23"
"1101","Rapid city",178,22,"","","","0","0","2017-11-24"
"1102","Rapid city",133,6,"","","","0","0","2017-11-25"
"1103","Rapid city",200,56,"","","","0","0","2017-11-26"
"1104","Rapid city",211,61,"","","","0","0","2017-11-27"
"1105","Rapid city",78,-6,"","","","0","0","2017-11-28"
"1106","Rapid city",117,-6,"","","","0","0","2017-11-29"
"1107","Rapid city",89,0,"","","","0","0","2017-11-30"
"1108","Rapid city",111,17,"","","","0","0","2017-12-01"
"1110","Rock Springs",-10,-71,"","26","","0","","2017-11-07"
"1111","Rock Springs",28,-93,"","18","","0","0","2017-11-08"
"1112","Rock Springs",100,-60,"","16","","0","0","2017-11-09"
"1113","Rock Springs",83,-32,"","26","","0","0","2017-11-10"
"1114","Rock Springs",72,-21,"","46","","0","","2017-11-11"
"1115","Rock Springs",100,-77,"","11","","0","0","2017-11-12"
"1116","Rock Springs",128,-49,"","16","","0","0","2017-11-13"
"1117","Rock Springs",94,-27,"","47","","0","0","2017-11-14"
"1118","Rock Springs",117,-71,"","18","","0","0","2017-11-15"
"1119","Rock Springs",139,33,"","55","","0","","2017-11-16"
"1120","Rock Springs",44,-71,"","80","","53","","2017-11-17"
"1121","Rock Springs",-32,-93,"","74","","0","0","2017-11-18"
"1122","Rock Springs",6,-116,"","19","","0","","2017-11-19"
"1123","Rock Springs",39,-66,"","70","","0","","2017-11-20"
"1124","Rock Springs",83,17,"","79","","0","","2017-11-21"
"1125","Rock Springs",117,44,"","78","","0","","2017-11-22"
"1126","Rock Springs",139,39,"","66","","0","","2017-11-23"
"1127","Rock Springs",117,11,"","62","","0","","2017-11-24"
"1128","Rock Springs",100,11,"","52","","0","0","2017-11-25"
"1129","Rock Springs",128,-27,"","21","","0","0","2017-11-26"
"1130","Rock Springs",117,0,"","76","","0","0","2017-11-27"
"1131","Rock Springs",56,-49,"","32","","0","0","2017-11-28"
"1132","Rock Springs",50,-60,"","46","","0","0","2017-11-29"
"1133","Rock Springs",67,-77,"","29","","0","0","2017-11-30"
"1134","Rock Springs",61,-22,"","","","0","","2017-12-01"
"1136","Boise",61,-38,"10","38","","0","0","2017-11-07"
"1137","Boise",94,-10,"32","54","","0","0","2017-11-08"
"1138","Boise",161,39,"86","48","","25","0","2017-11-09"
"1139","Boise",117,22,"64","26","","64","0","2017-11-10"
"1140","Boise",122,28,"64","31","","5","0","2017-11-11"
"1141","Boise",94,17,"59","34","","0","0","2017-11-12"
"1142","Boise",150,28,"84","47","","0","0","2017-11-13"
"1143","Boise",100,28,"79","26","","53","0","2017-11-14"
"1144","Boise",100,17,"53","60","","33","0","2017-11-15"
"1145","Boise",117,50,"91","42","","20","0","2017-11-16"
"1146","Boise",78,-10,"62","44","","0","0","2017-11-17"
"1147","Boise",83,-10,"23","47","","0","0","2017-11-18"
"1148","Boise",94,-21,"25","30","","0","0","2017-11-19"
"1149","Boise",94,33,"67","53","","25","0","2017-11-20"
"1150","Boise",139,56,"94","34","","13","0","2017-11-21"
"1151","Boise",172,83,"127","20","","3","0","2017-11-22"
"1152","Boise",189,78,"117","32","","3","0","2017-11-23"
"1153","Boise",128,39,"116","29","","66","0","2017-11-24"
"1154","Boise",100,33,"59","33","","0","0","2017-11-25"
"1155","Boise",167,44,"91","35","","0","0","2017-11-26"
"1156","Boise",156,-5,"105","52","","0","0","2017-11-27"
"1157","Boise",94,-21,"29","48","","0","0","2017-11-28"
"1158","Boise",56,-21,"39","22","","0","0","2017-11-29"
"1159","Boise",39,-27,"1","27","","0","0","2017-11-30"
"1161","Denio",100,-38,"23","43","","0","0","2017-11-07"
"1162","Denio",94,-43,"24","42","","0","0","2017-11-08"
"1163","Denio",167,17,"79","32","","0","0","2017-11-09"
"1164","Denio",150,6,"82","32","","0","0","2017-11-10"
"1165","Denio",144,-43,"71","21","","0","0","2017-11-11"
"1166","Denio",167,-77,"31","26","","0","0","2017-11-12"
"1167","Denio",178,-71,"40","38","","0","0","2017-11-13"
"1168","Denio",133,28,"109","33","","0","0","2017-11-14"
"1169","Denio",144,11,"66","31","","0","0","2017-11-15"
"1170","Denio",128,44,"105","69","","76","0","2017-11-16"
"1171","Denio",72,-49,"50","34","","10","0","2017-11-17"
"1172","Denio",83,-43,"-3","30","","0","0","2017-11-18"
"1173","Denio",83,-93,"-5","12","","0","0","2017-11-19"
"1174","Denio",156,56,"72","46","","10","0","2017-11-20"
"1175","Denio",194,44,"133","25","","0","0","2017-11-21"
"1176","Denio",200,0,"99","21","","0","0","2017-11-22"
"1177","Denio",222,17,"113","23","","0","0","2017-11-23"
"1178","Denio",161,44,"121","26","","0","0","2017-11-24"
"1179","Denio",167,22,"86","33","","0","0","2017-11-25"
"1180","Denio",233,39,"117","66","","20","0","2017-11-26"
"1181","Denio",133,-27,"109","38","","74","0","2017-11-27"
"1182","Denio",106,-43,"22","25","","0","0","2017-11-28"
"1183","Denio",83,-49,"14","36","","0","0","2017-11-29"
"1184","Denio",94,-77,"-1","16","","0","0","2017-11-30"
"1185","Denio",111,-44,"37","","","0","","2017-12-01"
"1187","Portland",89,44,"63","84","","0","0","2017-11-07"
"1188","Portland",89,61,"73","84","","84","0","2017-11-08"
"1189","Portland",128,56,"77","51","","69","0","2017-11-09"
"1190","Portland",100,67,"75","24","","104","0","2017-11-10"
"1191","Portland",106,67,"84","59","","33","0","2017-11-11"
"1192","Portland",122,89,"98","61","","36","0","2017-11-12"
"1193","Portland",133,78,"104","62","","91","0","2017-11-13"
"1194","Portland",144,72,"98","57","","0","0","2017-11-14"
"1195","Portland",133,56,"105","51","","218","0","2017-11-15"
"1196","Portland",89,61,"72","49","","53","0","2017-11-16"
"1197","Portland",111,50,"71","30","","28","0","2017-11-17"
"1198","Portland",117,22,"72","17","","0","0","2017-11-18"
"1199","Portland",106,17,"47","35","","43","0","2017-11-19"
"1200","Portland",133,61,"100","29","","234","0","2017-11-20"
"1201","Portland",106,72,"88","51","","155","0","2017-11-21"
"1202","Portland",167,94,"104","55","","56","0","2017-11-22"
"1203","Portland",172,78,"148","37","","46","0","2017-11-23"
"1204","Portland",133,50,"99","34","","0","0","2017-11-24"
"1205","Portland",94,28,"68","27","","30","0","2017-11-25"
"1206","Portland",128,72,"91","44","","140","0","2017-11-26"
"1207","Portland",100,50,"77","25","","0","0","2017-11-27"
"1208","Portland",83,61,"71","31","","112","0","2017-11-28"
"1209","Portland",111,28,"76","14","","0","0","2017-11-29"
"1210","Portland",83,28,"59","17","","18","0","2017-11-30"
"1211","Portland",100,72,"79","","","5","","2017-12-01"
"1213","Spokane",17,-71,"","5","","0","","2017-11-07"
"1214","Spokane",33,-21,"","7","","0","","2017-11-08"
"1215","Spokane",61,22,"","20","","64","","2017-11-09"
"1216","Spokane",50,6,"","0","","20","","2017-11-10"
"1217","Spokane",78,39,"","9","","0","","2017-11-11"
"1218","Spokane",106,17,"","9","","0","","2017-11-12"
"1219","Spokane",106,11,"","44","","30","","2017-11-13"
"1220","Spokane",106,17,"","17","","23","","2017-11-15"
"1221","Spokane",72,17,"","33","","41","","2017-11-16"
"1222","Spokane",78,22,"","42","","0","","2017-11-17"
"1223","Spokane",78,-5,"","13","","0","","2017-11-18"
"1224","Spokane",89,-21,"","23","","5","","2017-11-19"
"1225","Spokane",100,28,"","29","","86","","2017-11-20"
"1226","Spokane",89,6,"","5","","91","","2017-11-21"
"1227","Spokane",161,61,"","9","","0","","2017-11-22"
"1228","Spokane",156,44,"","57","","36","","2017-11-23"
"1229","Spokane",89,11,"","27","","0","","2017-11-24"
"1230","Spokane",94,-10,"","11","","15","","2017-11-25"
"1231","Spokane",133,44,"","22","","23","","2017-11-26"
"1232","Spokane",72,6,"","22","","0","","2017-11-27"
"1233","Spokane",72,0,"","20","","48","","2017-11-28"
"1234","Spokane",56,-5,"","16","","0","","2017-11-29"
"1235","Spokane",50,-5,"","7","","0","","2017-11-30"
"1237","Choteau",-10,-105,"-84","68","","0","0","2017-11-07"
"1238","Choteau",-5,-88,"-39","43","","3","3","2017-11-08"
"1239","Choteau",33,-105,"-81","32","","0","0","2017-11-09"
"1240","Choteau",44,-21,"6","64","","0","0","2017-11-10"
"1241","Choteau",44,-27,"15","34","","0","0","2017-11-11"
"1242","Choteau",61,-16,"15","60","","0","0","2017-11-12"
"1243","Choteau",128,-5,"54","74","","0","0","2017-11-13"
"1244","Choteau",72,-16,"38","61","","0","0","2017-11-14"
"1245","Choteau",83,-16,"23","60","","0","0","2017-11-15"
"1246","Choteau",106,-49,"58","81","","0","0","2017-11-16"
"1247","Choteau",72,-27,"9","72","","0","0","2017-11-17"
"1248","Choteau",61,-27,"16","99","","0","0","2017-11-18"
"1249","Choteau",94,33,"49","131","","0","0","2017-11-19"
"1250","Choteau",100,-55,"64","68","","13","13","2017-11-20"
"1251","Choteau",117,-93,"-27","57","","0","3","2017-11-21"
"1252","Choteau",150,111,"123","106","","0","0","2017-11-22"
"1253","Choteau",200,67,"148","115","","0","0","2017-11-23"
"1254","Choteau",89,-5,"66","84","","0","0","2017-11-24"
"1255","Choteau",106,6,"43","75","","0","0","2017-11-25"
"1256","Choteau",194,56,"110","91","","0","0","2017-11-26"
"1257","Choteau",156,-32,"95","82","","0","0","2017-11-27"
"1258","Choteau",83,-32,"16","84","","0","0","2017-11-28"
"1259","Choteau",72,-16,"48","100","","0","0","2017-11-29"
"1260","Choteau",56,-27,"17","89","","0","0","2017-11-30"
"1261","Choteau",78,0,"33","","","0","0","2017-12-01"
"1263","Sidney",-17,-139,"","","","0","","2017-11-07"
"1264","Sidney",-28,-194,"","","","3","","2017-11-08"
"1265","Sidney",50,-94,"","","","","","2017-11-11"
"1266","Sidney",17,-100,"","","","","","2017-11-12"
"1267","Sidney",106,-56,"","","","","","2017-11-13"
"1268","Sidney",100,-89,"","","","0","","2017-11-14"
"1269","Sidney",61,-72,"","","","0","","2017-11-15"
"1270","Sidney",56,-89,"","","","0","","2017-11-16"
"1271","Sidney",111,-22,"","","","0","","2017-11-19"
"1272","Sidney",-67,-161,"","","","0","","2017-11-21"
"1273","Sidney",122,-11,"","","","0","","2017-11-26"
"1274","Sidney",117,22,"","","","0","","2017-11-27"
"1275","Sidney",83,-39,"","","","0","0","2017-11-28"
"1276","Sidney",89,-22,"","","","13","0","2017-11-29"
"1277","Sidney",61,-22,"","","","0","0","2017-11-30"
"1278","Sidney",89,-17,"","","","0","","2017-12-01"
"1280","Bismarck",22,-132,"-62","32","","0","0","2017-11-07"
"1281","Bismarck",-32,-116,"-57","26","","0","0","2017-11-08"
"1282","Bismarck",-60,-110,"-87","36","","0","0","2017-11-09"
"1283","Bismarck",28,-71,"-49","65","","0","0","2017-11-10"
"1284","Bismarck",39,-93,"-26","18","","0","0","2017-11-11"
"1285","Bismarck",94,-55,"-7","21","","0","0","2017-11-12"
"1286","Bismarck",111,-38,"22","16","","0","0","2017-11-13"
"1287","Bismarck",133,-60,"29","37","","0","0","2017-11-14"
"1288","Bismarck",-5,-99,"-10","53","","0","0","2017-11-15"
"1289","Bismarck",61,-66,"-38","58","","0","0","2017-11-16"
"1290","Bismarck",39,-66,"18","17","","0","0","2017-11-17"
"1291","Bismarck",22,-88,"-29","35","","0","0","2017-11-18"
"1292","Bismarck",100,-99,"-12","14","","0","0","2017-11-19"
"1293","Bismarck",156,-55,"32","56","","0","0","2017-11-20"
"1294","Bismarck",-38,-143,"-47","53","","0","0","2017-11-21"
"1295","Bismarck",172,-132,"-38","29","","0","0","2017-11-22"
"1296","Bismarck",233,-49,"47","25","","0","0","2017-11-23"
"1297","Bismarck",133,28,"114","52","","0","0","2017-11-24"
"1298","Bismarck",111,-60,"31","11","","0","0","2017-11-25"
"1299","Bismarck",122,-16,"36","24","","0","0","2017-11-26"
"1300","Bismarck",194,0,"67","47","","0","0","2017-11-27"
"1301","Bismarck",100,-60,"58","47","","0","0","2017-11-28"
"1302","Bismarck",139,-43,"39","94","","0","0","2017-11-29"
"1303","Bismarck",111,-49,"45","29","","0","0","2017-11-30"
"1304","Bismarck",133,-44,"26","","","0","0","2017-12-01"
"1306","Bemidji",-27,-143,"","27","","0","","2017-11-07"
"1307","Bemidji",-27,-105,"","26","","13","","2017-11-08"
"1308","Bemidji",-99,-199,"","43","","0","","2017-11-09"
"1309","Bemidji",-66,-205,"","63","","0","","2017-11-10"
"1310","Bemidji",22,-82,"","36","","0","","2017-11-11"
"1311","Bemidji",22,-55,"","30","","0","","2017-11-12"
"1312","Bemidji",50,-60,"","38","","0","","2017-11-13"
"1313","Bemidji",61,28,"","38","","0","","2017-11-14"
"1314","Bemidji",39,-49,"","77","","0","","2017-11-15"
"1315","Bemidji",-10,-55,"","64","","0","","2017-11-16"
"1316","Bemidji",44,-32,"","40","","0","","2017-11-17"
"1317","Bemidji",-32,-116,"","55","","0","","2017-11-18"
"1318","Bemidji",33,-132,"","21","","0","","2017-11-19"
"1319","Bemidji",72,-60,"","60","","0","","2017-11-20"
"1320","Bemidji",-38,-127,"","73","","0","","2017-11-21"
"1321","Bemidji",-43,-143,"","30","","3","","2017-11-22"
"1322","Bemidji",61,-127,"","24","","0","","2017-11-23"
"1323","Bemidji",78,0,"","53","","8","","2017-11-24"
"1324","Bemidji",11,-77,"","44","","0","","2017-11-25"
"1325","Bemidji",61,-66,"","25","","0","","2017-11-26"
"1326","Bemidji",106,-10,"","52","","0","","2017-11-27"
"1327","Bemidji",50,-82,"","73","","0","","2017-11-28"
"1328","Bemidji",33,-38,"","51","","0","","2017-11-30"
"1329","Bemidji",33,-50,"","","","0","","2017-12-01"
